{"cameraMode":{"drawMode":0,"name":"Shaded","section":"Shading Mode"},"sceneLighting":true,"audioPlay":false,"sceneViewState":{"showFog":true,"showMaterialUpdate":false,"showSkybox":true,"showFlares":true,"showImageEffects":true,"showParticleSystems":true,"showVisualEffectGraphs":true,"m_FxEnabled":true},"in2DMode":false,"pivot":{"x":22.978191375732423,"y":1.2221097946166993,"z":-0.5399898886680603},"rotation":{"x":0.020997799932956697,"y":0.008998032659292221,"z":-0.00018973019905388355,"w":0.9997474551200867},"size":9.44411563873291,"orthographic":false}